"Date String","Beverly Hills/Unit Sales","Beverly Hills/Store Cost","Beverly Hills/Store Sales","Los Angeles/Unit Sales","Los Angeles/Store Cost","Los Angeles/Store Sales","San Diego/Unit Sales","San Diego/Store Cost","San Diego/Store Sales","San Francisco/Unit Sales","San Francisco/Store Cost","San Francisco/Store Sales","Portland/Unit Sales","Portland/Store Cost","Portland/Store Sales","Salem/Unit Sales","Salem/Store Cost","Salem/Store Sales","Bellingham/Unit Sales","Bellingham/Store Cost","Bellingham/Store Sales","Bremerton/Unit Sales","Bremerton/Store Cost","Bremerton/Store Sales","Seattle/Unit Sales","Seattle/Store Cost","Seattle/Store Sales","Spokane/Unit Sales","Spokane/Store Cost","Spokane/Store Sales","Tacoma/Unit Sales","Tacoma/Store Cost","Tacoma/Store Sales","Walla Walla/Unit Sales","Walla Walla/Store Cost","Walla Walla/Store Sales","Yakima/Unit Sales","Yakima/Store Cost","Yakima/Store Sales"
"1997/01/01","324.0","262.8841","659.43","","","","","","","24.0","17.6149","46.91","","","","","","","","","","","","","","","","","","","","","","","","","","",""
"1997/01/02","","","","","","","","","","","","","431.0","357.5649","882.94","","","","","","","","","","","","","","","","","","","","","","204.0","168.2747","421.59"
"1997/01/03","","","","394.0","346.7875","867.64","","","","","","","","","","","","","","","","","","","","","","","","","","","","","","","195.0","168.4734","426.48"
"1997/01/04","","","","","","","","","","20.0","17.6873","42.87","","","","","","","","","","","","","","","","","","","","","","","","","","",""
"1997/01/05","","","","403.0","353.5777","865.55","","","","","","","","","","","","","29.0","20.8189","51.19","","","","343.0","280.6368","697.91","","","","","","","","","","191.0","154.6409","372.54"
"1997/01/06","206.0","176.9582","443.65","","","","400.0","357.9182","909.02","","","","","","","","","","","","","387.0","330.0738","809.67","","","","","","","","","","","","","","",""
"1997/01/07","","","","","","","","","","14.0","10.4181","28.02","393.0","337.3437","835.74","858.0","730.5366","1832.85","","","","","","","","","","","","","","","","","","","","",""
"1997/01/08","","","","","","","","","","","","","","","","","","","35.0","25.9894","69.3","","","","","","","","","","","","","","","","","",""
"1997/01/09","","","","","","","","","","","","","","","","","","","","","","304.0","240.0401","610.89","","","","","","","","","","","","","221.0","191.3153","479.76"
"1997/01/10","","","","","","","422.0","369.2123","938.49","","","","","","","","","","38.0","33.9576","83.59","","","","","","","","","","","","","","","","","",""
"1997/01/11","196.0","172.5717","422.2","","","","377.0","302.6168","762.54","","","","","","","1715.0","1364.4442","3434.59","","","","","","","","","","","","","434.0","343.6381","855.5","38.0","31.103","76.01","","",""
"1997/01/12","","","","355.0","338.2163","859.62","","","","","","","","","","","","","","","","","","","","","","","","","","","","","","","","",""
"1997/01/13","","","","","","","","","","","","","","","","","","","","","","317.0","279.2476","690.32","352.0","326.1548","820.26","323.0","268.208","672.36","607.0","511.9793","1293.23","30.0","18.8892","51.28","","",""
"1997/01/14","261.0","213.8537","542.08","","","","","","","","","","","","","","","","","","","","","","","","","","","","","","","","","","","",""
"1997/01/15","","","","","","","512.0","443.2269","1084.65","","","","","","","","","","","","","","","","","","","","","","","","","","","","","",""
"1997/01/16","","","","","","","","","","","","","","","","","","","","","","","","","","","","","","","585.0","487.443","1232.19","","","","","",""
"1997/01/17","250.0","215.4121","561.73","","","","451.0","406.1045","1028.17","","","","417.0","357.56","892.44","","","","","","","","","","","","","","","","","","","28.0","21.7297","56.19","","",""
"1997/01/18","","","","","","","","","","","","","","","","","","","","","","","","","420.0","341.9665","856.44","","","","","","","","","","","",""
"1997/01/19","","","","354.0","295.7863","737.07","","","","","","","","","","","","","","","","","","","","","","334.0","283.1488","708.64","","","","","","","","",""
"1997/01/20","","","","370.0","332.2102","837.84","","","","18.0","12.9811","33.47","504.0","404.2606","1013.88","918.0","762.5647","1896.44","","","","","","","","","","302.0","231.9844","589.42","","","","","","","","",""
"1997/01/21","","","","","","","","","","","","","","","","521.0","422.0402","1060.35","","","","344.0","293.4003","728.01","","","","333.0","266.5943","667.27","","","","","","","","",""
"1997/01/23","","","","","","","","","","","","","","","","798.0","667.4021","1659.27","","","","","","","","","","","","","","","","","","","","",""
"1997/01/24","","","","","","","","","","","","","","","","","","","","","","","","","","","","","","","","","","28.0","20.8004","54.01","","",""
"1997/01/25","","","","","","","","","","","","","","","","","","","","","","304.0","240.864","599.02","396.0","327.4717","810.99","300.0","232.76","607.19","","","","","","","172.0","129.4658","336.19"
"1997/01/26","","","","","","","","","","","","","","","","","","","","","","","","","","","","","","","593.0","507.4709","1241.59","","","","","",""
"1997/01/27","","","","","","","","","","","","","","","","","","","","","","","","","400.0","345.0406","851.4","","","","","","","22.0","20.275","47.55","","",""
"1997/01/28","","","","","","","","","","","","","354.0","313.4578","794.2","","","","28.0","26.3517","68.6","","","","","","","","","","","","","","","","","",""
"1997/01/29","","","","","","","","","","26.0","24.9319","66.34","","","","","","","55.0","39.1102","102.38","","","","","","","","","","650.0","581.0298","1460.74","","","","","",""
"1997/02/01","","","","","","","","","","","","","","","","","","","","","","404.0","346.153","853.17","","","","","","","","","","","","","","",""
"1997/02/02","","","","","","","","","","","","","","","","","","","20.0","17.1225","47.75","","","","336.0","272.0914","693.89","403.0","361.7824","908.97","","","","","","","","",""
"1997/02/03","","","","","","","351.0","303.3882","745.17","","","","","","","420.0","319.3284","785.72","","","","","","","477.0","387.694","980.73","513.0","450.3197","1111.05","","","","","","","","",""
"1997/02/04","","","","","","","","","","","","","","","","","","","25.0","22.4869","53.8","","","","362.0","284.1986","718.53","","","","","","","23.0","18.5355","48.43","","",""
"1997/02/05","253.0","221.9183","551.19","","","","313.0","264.1448","652.29","","","","510.0","420.4198","1050.51","","","","","","","","","","","","","","","","","","","","","","","",""
"1997/02/07","253.0","203.3654","514.44","","","","465.0","360.4889","908.95","","","","","","","","","","28.0","25.8074","65.22","","","","","","","","","","","","","","","","172.0","132.0196","343.0"
"1997/02/08","","","","","","","","","","45.0","39.198","93.5","","","","547.0","440.4937","1095.7","","","","","","","","","","","","","","","","","","","","",""
"1997/02/10","","","","","","","","","","","","","","","","","","","39.0","30.1027","76.64","","","","","","","","","","476.0","429.1438","1044.43","","","","","",""
"1997/02/11","","","","","","","","","","","","","346.0","294.1262","732.27","","","","","","","","","","","","","","","","","","","24.0","19.8962","49.25","180.0","152.7685","383.18"
"1997/02/12","399.0","348.4046","870.78","512.0","433.1841","1081.2","","","","","","","510.0","451.5633","1127.55","","","","","","","","","","","","","","","","555.0","438.6997","1103.0","20.0","15.7771","39.38","","",""
"1997/02/13","","","","648.0","555.1632","1388.48","","","","","","","","","","","","","","","","","","","","","","","","","","","","","","","","",""
"1997/02/14","243.0","199.2253","505.74","","","","","","","","","","","","","","","","","","","468.0","405.9249","1014.67","","","","","","","","","","42.0","37.923","92.32","237.0","189.3973","472.28"
"1997/02/15","","","","416.0","328.8338","830.84","","","","37.0","29.9736","75.73","","","","","","","","","","458.0","397.7255","1012.34","396.0","338.6291","862.87","","","","","","","","","","","",""
"1997/02/16","","","","436.0","365.9269","898.29","430.0","356.6783","883.17","","","","","","","","","","","","","","","","","","","","","","","","","54.0","39.6057","98.93","","",""
"1997/02/17","193.0","157.9117","394.22","","","","","","","","","","","","","","","","","","","338.0","286.9447","729.46","","","","","","","507.0","415.7301","1039.17","","","","","",""
"1997/02/18","","","","","","","","","","","","","","","","","","","","","","","","","","","","344.0","265.0415","679.94","","","","","","","169.0","167.1407","408.21"
"1997/02/19","","","","","","","","","","","","","","","","458.0","422.1294","1046.96","","","","","","","428.0","361.992","898.49","","","","619.0","541.114","1345.01","","","","","",""
"1997/02/20","","","","","","","","","","37.0","28.3811","71.63","407.0","353.8976","884.63","","","","","","","","","","","","","","","","","","","","","","","",""
"1997/02/21","","","","","","","","","","","","","","","","","","","","","","432.0","365.8673","920.69","","","","","","","","","","","","","","",""
"1997/02/22","","","","","","","","","","","","","","","","409.0","324.9096","796.82","","","","","","","","","","","","","","","","","","","","",""
"1997/02/23","","","","","","","320.0","260.8638","665.11","","","","","","","","","","47.0","45.2958","114.82","","","","","","","","","","","","","","","","","",""
"1997/02/24","","","","","","","","","","","","","","","","","","","","","","","","","","","","","","","","","","","","","192.0","151.3996","383.43"
"1997/02/25","","","","602.0","546.8899","1371.36","","","","38.0","32.8093","80.82","","","","","","","","","","","","","","","","","","","585.0","483.4121","1228.87","","","","","",""
"1997/02/26","","","","","","","","","","","","","","","","571.0","491.3042","1237.64","","","","","","","","","","580.0","454.9624","1162.42","","","","","","","","",""
"1997/02/27","","","","","","","","","","30.0","28.6562","71.74","439.0","368.1577","917.54","","","","","","","","","","","","","366.0","295.2288","744.46","","","","","","","","",""
"1997/03/01","","","","","","","","","","","","","","","","","","","","","","","","","","","","372.0","285.7718","728.03","","","","","","","253.0","194.5202","499.16"
"1997/03/02","","","","354.0","317.5698","786.98","","","","","","","","","","380.0","281.671","702.51","","","","","","","","","","","","","","","","","","","","",""
"1997/03/03","","","","","","","477.0","403.7058","1025.32","","","","515.0","403.8136","1025.31","","","","","","","","","","","","","","","","","","","","","","","",""
"1997/03/04","","","","","","","","","","","","","","","","709.0","577.1949","1445.86","","","","","","","","","","","","","","","","","","","","",""
"1997/03/05","","","","","","","","","","","","","456.0","377.1972","921.97","","","","35.0","29.4894","72.82","","","","403.0","321.2318","802.65","","","","","","","31.0","25.0066","65.64","","",""
"1997/03/06","","","","","","","","","","34.0","30.8181","78.35","","","","","","","31.0","26.1289","64.4","","","","","","","","","","","","","","","","","",""
"1997/03/07","","","","","","","","","","","","","","","","","","","","","","","","","","","","","","","","","","40.0","35.155","89.99","","",""
"1997/03/08","","","","","","","","","","","","","","","","","","","","","","","","","","","","335.0","279.5267","693.94","","","","","","","","",""
"1997/03/09","","","","","","","385.0","299.9568","755.76","","","","","","","","","","","","","","","","","","","","","","","","","","","","","",""
"1997/03/10","238.0","202.5684","510.48","","","","428.0","348.7893","893.56","","","","","","","","","","","","","","","","","","","398.0","347.49","852.94","","","","","","","","",""
"1997/03/11","","","","","","","","","","","","","","","","","","","36.0","29.7117","74.07","","","","475.0","385.0632","988.4","","","","","","","","","","","",""
"1997/03/12","","","","","","","","","","","","","","","","","","","","","","436.0","371.2445","923.68","","","","","","","","","","","","","","",""
"1997/03/13","","","","395.0","335.5404","845.45","","","","","","","","","","1129.0","939.5985","2326.89","","","","","","","","","","","","","","","","","","","217.0","178.9246","445.62"
"1997/03/14","258.0","211.2036","528.76","","","","","","","","","","","","","","","","","","","","","","465.0","396.4118","1008.56","","","","","","","61.0","49.8779","119.56","","",""
"1997/03/15","","","","","","","433.0","401.2098","967.48","","","","","","","","","","","","","472.0","386.7326","967.92","427.0","344.7082","874.82","","","","","","","","","","","",""
"1997/03/16","","","","","","","","","","34.0","22.5051","58.26","","","","","","","","","","","","","","","","329.0","273.671","684.98","","","","","","","","",""
"1997/03/17","","","","","","","","","","27.0","22.9097","58.96","","","","","","","","","","407.0","340.3004","869.03","","","","","","","","","","","","","","",""
"1997/03/18","","","","","","","","","","","","","","","","","","","","","","","","","","","","375.0","334.4421","818.5","487.0","438.0774","1093.7","","","","","",""
"1997/03/19","","","","","","","","","","","","","","","","","","","","","","428.0","360.7746","886.89","","","","","","","","","","","","","254.0","204.8662","497.11"
"1997/03/20","243.0","212.9743","542.97","","","","","","","28.0","27.714","66.33","","","","","","","","","","397.0","342.0983","870.01","","","","","","","587.0","490.4406","1236.84","","","","","",""
"1997/03/21","243.0","220.2451","553.98","385.0","323.6828","817.73","","","","","","","483.0","408.3391","1046.17","2042.0","1771.3328","4391.38","30.0","25.5293","65.68","","","","","","","","","","","","","36.0","26.6587","67.14","","",""
"1997/03/22","","","","","","","","","","","","","495.0","422.0169","1077.88","","","","","","","","","","418.0","352.2556","894.7","","","","702.0","605.0008","1516.13","23.0","20.9835","50.13","","",""
"1997/03/23","","","","","","","","","","","","","449.0","392.2175","968.17","","","","","","","","","","","","","","","","","","","","","","","",""
"1997/03/24","","","","398.0","338.6446","857.34","","","","","","","","","","","","","","","","","","","","","","","","","","","","","","","","",""
"1997/03/25","262.0","240.3068","602.24","","","","","","","27.0","25.6439","63.58","","","","","","","","","","","","","","","","","","","","","","","","","","",""
"1997/03/26","","","","","","","","","","","","","","","","","","","","","","","","","","","","","","","","","","","","","201.0","175.0114","438.52"
"1997/03/27","","","","","","","492.0","427.444","1078.15","","","","","","","","","","","","","","","","","","","","","","","","","","","","","",""
"1997/03/28","","","","","","","","","","","","","","","","1103.0","904.1873","2286.11","","","","","","","","","","","","","538.0","484.0487","1180.39","","","","","",""
"1997/03/29","","","","","","","","","","","","","","","","","","","42.0","33.9042","85.2","","","","","","","","","","474.0","403.2381","994.96","","","","238.0","203.5046","532.25"
"1997/03/30","","","","351.0","281.2776","691.58","","","","","","","","","","","","","","","","","","","","","","","","","","","","","","","","",""
"1997/04/01","","","","","","","","","","","","","391.0","325.7647","830.35","","","","","","","","","","","","","","","","","","","","","","","",""
"1997/04/02","","","","","","","","","","","","","","","","","","","","","","","","","462.0","378.5169","937.12","","","","","","","","","","","",""
"1997/04/03","","","","","","","414.0","351.9767","879.71","","","","","","","","","","","","","","","","","","","","","","513.0","415.8236","1044.4","","","","185.0","139.5884","354.8"
"1997/04/04","","","","377.0","330.4976","818.35","412.0","335.7484","840.14","","","","","","","","","","","","","353.0","283.4078","718.12","","","","349.0","298.6176","738.35","","","","37.0","31.7743","81.67","","",""
"1997/04/05","","","","368.0","308.0469","770.4","418.0","328.9164","829.02","","","","","","","","","","","","","","","","","","","","","","","","","","","","","",""
"1997/04/06","","","","","","","","","","","","","","","","","","","51.0","40.1044","100.51","373.0","300.1047","774.67","","","","","","","","","","","","","","",""
"1997/04/07","","","","391.0","335.6148","829.14","","","","","","","","","","","","","","","","","","","","","","","","","529.0","431.7825","1078.18","","","","","",""
"1997/04/08","","","","","","","","","","","","","","","","460.0","390.8064","995.71","41.0","32.203","79.2","","","","","","","","","","","","","","","","","",""
"1997/04/09","","","","","","","","","","","","","","","","","","","","","","","","","341.0","274.8856","704.9","","","","","","","","","","","",""
"1997/04/10","","","","","","","","","","40.0","34.6","86.52","400.0","340.5776","838.67","","","","","","","","","","","","","","","","","","","","","","","",""
"1997/04/12","","","","","","","","","","","","","","","","522.0","429.2855","1092.19","","","","","","","500.0","436.1825","1090.9","","","","","","","","","","191.0","164.1309","429.38"
"1997/04/13","448.0","396.5516","1003.98","","","","415.0","358.6342","907.23","","","","","","","","","","","","","","","","","","","","","","512.0","445.9102","1100.32","","","","","",""
"1997/04/14","565.0","470.0002","1180.42","","","","","","","","","","330.0","297.3505","735.13","429.0","376.9295","935.59","","","","","","","","","","361.0","284.4381","717.72","","","","32.0","31.2227","77.09","","",""
"1997/04/15","","","","","","","","","","","","","","","","186.0","153.6992","391.68","","","","","","","","","","379.0","331.5921","842.25","502.0","413.8792","1064.39","","","","","",""
"1997/04/16","454.0","398.3621","1001.5","","","","384.0","337.831","839.97","","","","","","","","","","","","","","","","","","","","","","","","","","","","","",""
"1997/04/17","","","","","","","","","","","","","","","","508.0","450.443","1119.99","","","","","","","","","","","","","","","","","","","","",""
"1997/04/18","","","","","","","","","","","","","336.0","266.6279","670.96","","","","","","","","","","","","","","","","","","","","","","","",""
"1997/04/19","","","","337.0","268.6932","664.84","","","","34.0","32.4864","84.59","","","","","","","","","","441.0","394.3129","985.55","","","","","","","","","","19.0","15.8502","37.95","","",""
"1997/04/20","438.0","393.6036","965.81","","","","","","","29.0","27.6219","65.47","","","","","","","","","","","","","","","","","","","","","","","","","","",""
"1997/04/21","","","","","","","","","","","","","","","","","","","","","","402.0","348.5646","868.08","","","","","","","","","","","","","","",""
"1997/04/22","420.0","364.9989","913.29","","","","","","","","","","339.0","294.5885","735.72","","","","","","","","","","","","","","","","","","","","","","","",""
"1997/04/23","","","","","","","","","","23.0","19.1041","44.38","","","","","","","32.0","29.1023","69.1","","","","","","","","","","495.0","426.8939","1088.93","48.0","36.0564","91.35","","",""
"1997/04/24","","","","","","","","","","","","","","","","","","","40.0","34.6818","82.9","","","","","","","376.0","302.5531","756.99","","","","","","","181.0","153.5678","384.11"
"1997/04/25","","","","","","","","","","23.0","19.1964","46.37","","","","","","","","","","","","","","","","","","","","","","","","","","",""
"1997/04/26","","","","","","","","","","","","","","","","","","","","","","396.0","362.6415","889.18","","","","474.0","422.7904","1053.91","","","","","","","","",""
"1997/04/27","","","","392.0","332.8502","834.76","","","","","","","","","","","","","","","","","","","473.0","391.3241","972.6","","","","","","","34.0","28.4125","70.32","248.0","214.279","539.02"
"1997/04/28","","","","","","","","","","","","","","","","","","","31.0","26.3766","67.07","","","","","","","","","","","","","","","","150.0","116.1442","296.8"
"1997/04/29","","","","","","","","","","","","","","","","","","","","","","","","","345.0","302.5761","738.54","","","","","","","","","","","",""
"1997/05/01","","","","280.0","242.387","601.88","","","","","","","","","","483.0","390.2642","1000.72","","","","","","","","","","","","","","","","","","","","",""
"1997/05/02","","","","","","","428.0","361.6195","892.51","","","","443.0","353.6241","872.13","","","","","","","","","","","","","336.0","283.5703","706.37","","","","","","","","",""
"1997/05/03","","","","","","","","","","","","","","","","","","","","","","402.0","382.7133","963.43","","","","","","","487.0","423.3132","1065.13","","","","196.0","175.8475","425.1"
"1997/05/04","","","","","","","","","","","","","","","","","","","","","","279.0","244.469","609.84","","","","","","","","","","29.0","22.7589","55.51","","",""
"1997/05/05","","","","","","","","","","","","","","","","606.0","501.4549","1241.29","","","","","","","","","","371.0","323.485","813.59","464.0","395.1057","966.99","","","","","",""
"1997/05/07","","","","","","","447.0","376.1818","943.83","","","","","","","","","","","","","","","","","","","","","","","","","","","","","",""
"1997/05/08","","","","","","","","","","","","","492.0","398.5835","1006.92","","","","","","","","","","358.0","323.3736","814.53","","","","","","","","","","","",""
"1997/05/09","","","","356.0","297.9574","743.86","","","","","","","578.0","483.1143","1221.85","1949.0","1663.665","4142.91","","","","","","","","","","","","","426.0","359.6908","881.99","33.0","25.3822","67.37","","",""
"1997/05/10","323.0","261.4418","647.52","","","","","","","","","","","","","","","","","","","","","","","","","","","","","","","","","","","",""
"1997/05/11","","","","","","","","","","","","","519.0","443.1424","1123.47","","","","34.0","26.7215","67.48","","","","","","","","","","","","","","","","","",""
"1997/05/12","","","","","","","","","","","","","","","","","","","","","","","","","","","","","","","","","","45.0","39.3323","97.13","","",""
"1997/05/14","","","","348.0","270.4532","684.83","","","","27.0","19.8802","45.95","","","","","","","","","","","","","","","","","","","495.0","409.7009","1015.12","","","","188.0","169.0025","427.61"
"1997/05/15","","","","","","","447.0","353.7266","889.43","","","","602.0","491.2279","1233.89","","","","","","","","","","","","","412.0","324.4578","832.93","","","","40.0","36.2471","89.18","","",""
"1997/05/16","","","","337.0","266.4105","678.55","","","","","","","","","","","","","","","","","","","","","","","","","","","","","","","203.0","174.6774","432.83"
"1997/05/17","","","","","","","414.0","362.5598","899.69","","","","","","","","","","27.0","21.9777","54.15","","","","","","","362.0","297.3338","754.86","","","","","","","158.0","124.9173","302.44"
"1997/05/18","382.0","341.2987","842.48","","","","","","","48.0","35.3106","91.44","","","","","","","41.0","32.2196","79.4","","","","","","","","","","","","","","","","","",""
"1997/05/19","332.0","297.3287","750.97","","","","","","","","","","","","","","","","","","","","","","398.0","340.7678","860.03","","","","","","","","","","","",""
"1997/05/20","","","","","","","","","","23.0","17.0644","43.01","","","","","","","","","","","","","","","","","","","","","","","","","","",""
"1997/05/21","330.0","276.1791","697.93","314.0","277.8909","686.88","343.0","287.9843","719.83","","","","","","","","","","","","","365.0","301.7892","757.99","475.0","414.0406","1029.71","","","","","","","","","","","",""
"1997/05/22","","","","","","","","","","56.0","45.0034","113.1","","","","124.0","114.0855","278.55","","","","","","","427.0","328.9032","839.42","","","","","","","","","","217.0","173.8345","443.34"
"1997/05/23","335.0","289.6082","728.9","","","","","","","","","","","","","","","","","","","","","","","","","","","","","","","","","","","",""
"1997/05/25","","","","","","","","","","","","","","","","","","","","","","327.0","277.5121","699.16","","","","","","","","","","","","","","",""
"1997/05/26","","","","","","","","","","","","","","","","","","","","","","319.0","272.9776","669.62","","","","","","","","","","","","","","",""
"1997/05/27","","","","","","","","","","","","","","","","","","","","","","","","","484.0","404.9524","1013.89","","","","","","","","","","","",""
"1997/05/28","","","","","","","","","","37.0","34.0165","84.84","","","","","","","39.0","33.0587","84.28","","","","","","","","","","","","","33.0","29.0237","66.71","","",""
"1997/05/29","","","","","","","","","","","","","","","","311.0","269.3715","662.62","","","","","","","","","","341.0","286.2251","701.26","522.0","452.054","1124.8","","","","","",""
"1997/05/30","","","","","","","","","","","","","","","","","","","34.0","28.2835","71.32","","","","","","","","","","","","","","","","","",""
"1997/06/01","","","","","","","379.0","314.9892","783.05","","","","","","","","","","","","","","","","","","","","","","","","","","","","","",""
"1997/06/02","","","","","","","","","","","","","","","","650.0","538.9654","1336.81","","","","","","","","","","","","","","","","","","","","",""
"1997/06/03","","","","","","","","","","44.0","40.6905","103.74","490.0","406.5123","1025.4","549.0","459.9236","1169.38","","","","475.0","424.6974","1056.35","","","","","","","","","","","","","","",""
"1997/06/04","","","","","","","462.0","413.1993","1023.09","","","","","","","","","","","","","","","","","","","389.0","321.094","796.01","","","","","","","","",""
"1997/06/05","","","","400.0","317.0517","794.36","","","","","","","","","","","","","","","","","","","","","","","","","","","","","","","227.0","197.9277","483.48"
"1997/06/06","","","","","","","","","","37.0","30.1928","77.04","","","","551.0","452.3752","1153.28","","","","","","","","","","","","","","","","","","","","",""
"1997/06/07","","","","424.0","334.4406","865.1","","","","","","","","","","","","","","","","","","","353.0","285.312","704.75","","","","","","","","","","","",""
"1997/06/10","","","","","","","","","","","","","","","","","","","28.0","20.3112","47.55","","","","294.0","273.3558","687.98","","","","","","","","","","","",""
"1997/06/11","","","","","","","","","","","","","486.0","391.9276","995.27","","","","","","","477.0","409.3571","1024.34","","","","","","","","","","","","","","",""
"1997/06/12","382.0","329.0406","816.52","460.0","423.0459","1065.19","","","","","","","","","","","","","20.0","17.1479","44.37","","","","","","","","","","","","","","","","","",""
"1997/06/14","","","","384.0","308.5446","774.0","","","","","","","","","","","","","","","","","","","","","","389.0","315.605","790.17","","","","","","","175.0","141.8179","355.81"
"1997/06/15","309.0","254.5298","648.38","","","","","","","","","","","","","","","","","","","","","","354.0","285.9804","726.15","","","","619.0","523.2586","1323.97","","","","","",""
"1997/06/16","","","","","","","","","","","","","","","","","","","","","","463.0","413.7312","1045.04","","","","","","","696.0","543.2373","1375.67","36.0","27.794","70.93","","",""
"1997/06/17","","","","","","","","","","21.0","17.0146","42.93","","","","423.0","349.1355","871.57","","","","","","","359.0","312.2112","791.94","","","","","","","","","","197.0","169.4589","414.45"
"1997/06/18","","","","","","","","","","","","","513.0","461.36","1153.15","","","","","","","461.0","364.8636","900.48","","","","270.0","235.0507","589.05","","","","","","","","",""
"1997/06/19","","","","","","","","","","","","","555.0","462.7638","1158.77","","","","","","","","","","","","","","","","","","","","","","","",""
"1997/06/20","","","","","","","413.0","348.9916","882.91","","","","378.0","301.2535","746.3","","","","","","","","","","","","","","","","","","","","","","","",""
"1997/06/21","398.0","357.9448","895.08","","","","452.0","399.2517","1012.64","60.0","51.2983","123.83","","","","","","","","","","","","","","","","","","","720.0","617.9231","1525.33","35.0","33.5759","83.96","","",""
"1997/06/22","396.0","331.3135","827.58","386.0","347.4242","872.3","","","","","","","","","","","","","32.0","28.9583","70.5","477.0","421.3261","1054.46","","","","","","","538.0","420.0097","1068.2","","","","","",""
"1997/06/23","","","","","","","297.0","249.7833","634.23","34.0","34.4327","84.67","","","","476.0","420.1381","1032.61","","","","","","","","","","338.0","292.9771","726.19","","","","","","","","",""
"1997/06/24","","","","","","","","","","","","","","","","","","","","","","","","","","","","","","","","","","50.0","47.8869","117.61","","",""
"1997/06/27","","","","","","","","","","","","","","","","","","","","","","","","","","","","344.0","323.2363","815.77","626.0","526.5423","1337.74","36.0","28.8098","74.48","","",""
"1997/06/28","","","","","","","","","","","","","","","","","","","22.0","19.9285","49.38","","","","299.0","250.9041","620.4","","","","","","","","","","196.0","171.7551","435.14"
"1997/06/29","325.0","269.1995","676.79","","","","","","","","","","","","","","","","38.0","34.3643","78.32","","","","","","","","","","","","","","","","","",""
"1997/06/30","","","","","","","","","","","","","","","","","","","","","","","","","","","","","","","","","","35.0","28.6439","72.53","148.0","124.1823","327.26"
"1997/07/01","223.0","195.8949","483.55","","","","","","","","","","","","","","","","","","","364.0","314.2886","780.31","","","","","","","","","","","","","142.0","119.9093","295.61"
"1997/07/02","","","","","","","","","","27.0","25.0328","59.58","","","","","","","","","","","","","","","","436.0","376.4436","938.07","624.0","526.7794","1311.93","","","","","",""
"1997/07/03","","","","","","","","","","","","","","","","331.0","267.9668","669.46","","","","","","","420.0","338.706","854.31","","","","","","","","","","","",""
"1997/07/04","","","","","","","","","","","","","","","","","","","35.0","29.7076","76.93","","","","384.0","343.1777","852.27","487.0","417.4882","1034.8","558.0","472.0773","1183.48","","","","","",""
"1997/07/05","","","","423.0","341.8797","864.35","","","","","","","","","","","","","","","","","","","","","","","","","693.0","608.4415","1499.22","","","","171.0","144.1684","349.81"
"1997/07/06","","","","","","","","","","47.0","38.465","99.32","","","","1691.0","1409.9048","3566.73","","","","","","","445.0","353.6325","903.01","","","","562.0","471.5925","1192.77","","","","","",""
"1997/07/09","","","","","","","","","","","","","","","","","","","","","","367.0","300.578","774.6","","","","","","","","","","","","","","",""
"1997/07/10","","","","417.0","355.7708","902.1","","","","24.0","20.8827","50.51","","","","","","","","","","","","","","","","","","","","","","","","","164.0","142.2862","357.38"
"1997/07/11","244.0","196.6493","489.91","","","","372.0","309.8028","779.39","","","","334.0","282.292","703.88","","","","","","","","","","","","","","","","","","","","","","","",""
"1997/07/12","","","","","","","376.0","330.4216","819.32","","","","","","","","","","","","","","","","","","","","","","","","","40.0","34.3213","85.75","134.0","112.4445","286.05"
"1997/07/13","","","","","","","","","","","","","","","","","","","","","","","","","","","","","","","","","","29.0","25.9463","69.5","","",""
"1997/07/14","","","","403.0","315.7032","801.21","388.0","320.5541","816.47","","","","399.0","316.2328","804.15","","","","25.0","23.7156","59.26","","","","","","","","","","","","","","","","","",""
"1997/07/15","","","","","","","","","","","","","","","","","","","34.0","31.2838","80.06","","","","","","","","","","","","","","","","","",""
"1997/07/16","","","","","","","","","","39.0","28.433","75.03","","","","","","","","","","439.0","349.2825","869.2","","","","","","","","","","37.0","32.1604","81.62","","",""
"1997/07/17","248.0","222.4117","553.16","","","","467.0","435.9638","1105.6","","","","","","","","","","32.0","26.8344","66.15","","","","","","","","","","","","","","","","","",""
"1997/07/20","","","","365.0","322.4264","818.14","","","","","","","","","","1227.0","1036.5762","2609.27","","","","","","","","","","","","","","","","","","","","",""
"1997/07/22","","","","","","","367.0","326.8994","815.81","","","","","","","","","","","","","","","","","","","","","","","","","","","","","",""
"1997/07/23","","","","357.0","302.7972","770.07","","","","","","","332.0","292.2084","733.38","","","","","","","","","","493.0","413.1153","1027.22","412.0","345.7808","858.74","","","","","","","177.0","162.5979","418.65"
"1997/07/24","","","","","","","","","","","","","388.0","348.306","866.87","","","","","","","","","","","","","412.0","336.3864","859.25","","","","28.0","21.0292","55.61","","",""
"1997/07/26","268.0","211.8031","550.55","","","","","","","","","","","","","","","","","","","","","","","","","","","","","","","","","","","",""
"1997/07/27","","","","","","","","","","","","","","","","2238.0","1840.559","4637.6","","","","","","","486.0","399.5608","990.47","433.0","353.22","871.84","693.0","581.6229","1459.1","","","","","",""
"1997/07/28","323.0","281.3902","701.46","","","","","","","25.0","17.7562","43.88","","","","404.0","337.2129","835.26","","","","417.0","347.9174","874.78","","","","","","","","","","","","","","",""
"1997/07/29","","","","","","","","","","","","","376.0","315.4176","794.79","","","","35.0","30.9765","73.64","378.0","313.4164","797.43","","","","","","","","","","","","","","",""
"1997/07/30","","","","","","","","","","","","","","","","","","","","","","","","","","","","","","","","","","54.0","57.2874","137.26","","",""
"1997/08/01","","","","617.0","508.5269","1297.12","","","","","","","","","","","","","","","","","","","","","","","","","","","","","","","","",""
"1997/08/02","","","","","","","597.0","487.5595","1233.97","","","","","","","","","","","","","","","","","","","","","","","","","","","","","",""
"1997/08/03","","","","","","","","","","","","","","","","","","","43.0","37.128","93.31","","","","","","","450.0","364.0782","915.18","","","","","","","","",""
"1997/08/04","","","","579.0","505.7203","1258.91","","","","","","","","","","479.0","393.9892","996.96","","","","","","","","","","","","","605.0","495.3526","1238.6","","","","","",""
"1997/08/05","303.0","264.9016","667.92","","","","","","","","","","","","","","","","","","","","","","","","","","","","","","","","","","","",""
"1997/08/06","","","","","","","","","","","","","","","","457.0","352.9177","902.86","","","","","","","","","","","","","","","","","","","","",""
"1997/08/07","","","","560.0","459.4772","1144.09","","","","","","","368.0","312.1115","769.47","","","","","","","","","","","","","430.0","368.3911","919.34","","","","","","","","",""
"1997/08/08","","","","","","","","","","","","","","","","505.0","437.3051","1083.07","","","","","","","","","","","","","","","","","","","","",""
"1997/08/09","","","","","","","","","","","","","","","","","","","","","","","","","","","","","","","","","","26.0","25.0731","58.45","","",""
"1997/08/10","","","","","","","","","","","","","","","","","","","21.0","15.7736","41.89","","","","","","","","","","","","","27.0","25.8419","64.53","","",""
"1997/08/11","","","","","","","","","","","","","","","","","","","","","","","","","430.0","355.8027","888.81","","","","","","","","","","139.0","118.373","293.03"
"1997/08/12","270.0","228.7614","566.51","","","","","","","","","","","","","","","","","","","435.0","376.8993","958.51","363.0","307.9088","766.9","","","","","","","","","","154.0","124.5455","306.85"
"1997/08/13","","","","","","","","","","","","","348.0","295.9787","743.6","","","","","","","460.0","403.7357","1031.06","","","","415.0","361.1004","897.58","","","","","","","","",""
"1997/08/14","","","","","","","","","","","","","448.0","393.7734","995.91","","","","24.0","22.812","56.01","","","","","","","","","","579.0","492.695","1240.53","26.0","23.9686","56.34","","",""
"1997/08/15","","","","491.0","453.9477","1110.66","","","","44.0","35.3869","89.84","","","","","","","","","","","","","","","","","","","678.0","559.5799","1392.52","","","","","",""
"1997/08/16","","","","","","","444.0","351.2388","887.1","","","","","","","","","","","","","","","","","","","433.0","345.3202","863.5","","","","","","","","",""
"1997/08/17","261.0","217.3947","553.66","","","","","","","","","","","","","","","","","","","","","","475.0","382.5439","961.34","","","","","","","","","","142.0","112.5904","279.23"
"1997/08/18","","","","","","","","","","","","","","","","","","","","","","487.0","456.6864","1123.89","382.0","297.4654","746.18","","","","","","","","","","","",""
"1997/08/19","","","","","","","","","","48.0","32.848","87.56","","","","","","","28.0","18.401","47.42","411.0","372.062","917.46","","","","","","","","","","","","","","",""
"1997/08/21","","","","","","","506.0","431.9491","1093.73","","","","","","","","","","27.0","27.2572","71.38","","","","","","","","","","","","","","","","","",""
"1997/08/22","","","","","","","","","","","","","358.0","290.7265","750.36","","","","","","","","","","","","","","","","666.0","565.7176","1423.39","","","","","",""
"1997/08/23","","","","","","","467.0","399.2258","1003.1","","","","347.0","297.9416","730.86","","","","","","","","","","","","","","","","","","","","","","","",""
"1997/08/24","","","","","","","","","","","","","","","","422.0","387.7098","963.19","","","","","","","","","","430.0","373.888","916.08","","","","36.0","31.3526","78.61","133.0","113.6406","276.71"
"1997/08/25","","","","","","","608.0","510.0616","1307.8","29.0","25.0254","62.97","","","","","","","","","","","","","","","","","","","","","","27.0","23.1795","57.86","","",""
"1997/08/26","307.0","269.1452","666.33","","","","","","","30.0","23.8577","58.89","","","","","","","","","","","","","","","","","","","534.0","463.6317","1184.78","","","","105.0","87.7229","220.7"
"1997/08/27","","","","","","","","","","","","","","","","485.0","415.7198","1036.13","","","","","","","","","","","","","","","","","","","","",""
"1997/08/28","358.0","318.5386","799.15","","","","","","","43.0","39.965","98.98","","","","","","","","","","","","","461.0","403.0129","1013.35","","","","","","","","","","","",""
"1997/08/29","","","","","","","","","","","","","","","","","","","","","","414.0","364.854","893.12","","","","","","","","","","","","","","",""
"1997/08/30","","","","422.0","375.8704","943.9","","","","","","","","","","","","","","","","","","","","","","","","","","","","","","","","",""
"1997/09/01","","","","","","","","","","","","","","","","617.0","514.7777","1295.76","","","","","","","","","","","","","","","","","","","","",""
"1997/09/02","","","","","","","","","","","","","413.0","339.7019","860.28","","","","","","","438.0","375.4836","947.04","359.0","302.1867","748.87","331.0","278.7426","721.2","","","","","","","","",""
"1997/09/03","323.0","265.5159","665.92","","","","","","","","","","","","","","","","","","","","","","","","","","","","","","","","","","","",""
"1997/09/04","","","","","","","","","","","","","","","","","","","","","","","","","384.0","318.184","811.69","","","","","","","","","","186.0","162.3304","403.3"
"1997/09/05","","","","343.0","300.5532","766.56","","","","","","","","","","","","","","","","","","","","","","","","","","","","","","","","",""
"1997/09/06","","","","419.0","337.601","846.1","407.0","351.5207","889.58","","","","","","","","","","","","","","","","","","","","","","","","","","","","","",""
"1997/09/07","","","","","","","412.0","356.5918","900.87","","","","324.0","270.2316","672.49","","","","","","","","","","","","","","","","","","","","","","","",""
"1997/09/08","428.0","352.4401","893.4","379.0","352.8873","861.93","","","","","","","383.0","330.733","850.06","","","","","","","","","","405.0","354.0749","887.31","","","","","","","","","","","",""
"1997/09/09","","","","350.0","299.5018","763.58","","","","31.0","27.7713","75.68","","","","","","","32.0","21.8701","60.17","","","","","","","","","","","","","","","","","",""
"1997/09/10","389.0","328.8556","805.37","","","","","","","","","","288.0","229.0743","585.09","671.0","562.1818","1419.29","38.0","40.8157","96.93","","","","","","","","","","","","","30.0","24.8183","58.57","","",""
"1997/09/11","","","","","","","","","","40.0","43.254","103.37","","","","780.0","680.8921","1712.47","","","","","","","","","","","","","","","","","","","219.0","197.1192","491.04"
"1997/09/12","","","","","","","","","","46.0","36.8432","94.52","","","","","","","","","","329.0","278.6627","696.44","","","","","","","","","","44.0","36.6641","93.46","183.0","180.6885","439.91"
"1997/09/13","","","","","","","411.0","367.0803","892.88","","","","","","","","","","","","","","","","","","","","","","","","","","","","","",""
"1997/09/14","","","","","","","","","","","","","","","","","","","","","","363.0","337.6282","837.28","","","","","","","534.0","486.119","1199.32","","","","","",""
"1997/09/15","","","","","","","397.0","330.6192","838.98","","","","","","","","","","","","","","","","","","","","","","","","","","","","","",""
"1997/09/16","","","","","","","","","","","","","","","","","","","","","","","","","","","","","","","","","","","","","185.0","141.8047","361.01"
"1997/09/17","381.0","310.9784","784.14","","","","","","","","","","","","","474.0","407.4651","1018.76","","","","","","","","","","","","","","","","","","","","",""
"1997/09/18","398.0","366.2097","927.69","","","","","","","","","","","","","668.0","571.2815","1419.81","","","","","","","352.0","304.8998","771.72","","","","","","","","","","","",""
"1997/09/19","","","","345.0","284.8321","719.69","","","","43.0","38.2806","93.09","","","","","","","","","","","","","","","","","","","","","","","","","","",""
"1997/09/20","","","","","","","","","","41.0","33.6188","81.11","","","","","","","","","","304.0","251.8228","633.47","","","","337.0","289.4451","720.49","482.0","407.6605","1004.82","","","","216.0","196.5977","474.22"
"1997/09/21","","","","","","","","","","","","","","","","","","","","","","","","","","","","","","","506.0","422.5434","1069.56","","","","","",""
"1997/09/22","","","","","","","","","","","","","","","","","","","45.0","37.1076","92.78","","","","","","","","","","504.0","413.4476","1029.52","25.0","19.7114","54.89","","",""
"1997/09/23","","","","","","","400.0","347.5309","857.99","","","","","","","","","","51.0","44.6259","107.85","314.0","268.6075","679.41","","","","335.0","280.1221","706.65","564.0","487.7643","1233.19","","","","","",""
"1997/09/27","","","","","","","","","","","","","385.0","342.595","852.65","","","","","","","","","","483.0","408.0104","1037.97","374.0","326.8128","847.07","","","","","","","","",""
"1997/09/28","","","","","","","","","","","","","","","","","","","27.0","23.705","52.49","","","","","","","","","","","","","46.0","41.8945","106.76","","",""
"1997/09/29","","","","","","","","","","","","","","","","","","","","","","","","","","","","343.0","294.3375","736.46","","","","34.0","25.3891","64.0","","",""
"1997/10/01","","","","","","","","","","","","","","","","","","","","","","","","","","","","","","","","","","40.0","36.268","93.33","","",""
"1997/10/02","","","","","","","240.0","221.4453","553.32","27.0","19.6861","48.16","","","","476.0","415.1753","1038.19","","","","","","","","","","","","","","","","","","","","",""
"1997/10/03","","","","","","","","","","","","","","","","","","","","","","","","","399.0","330.1946","826.19","","","","","","","","","","","",""
"1997/10/04","","","","","","","308.0","253.5004","645.4","","","","","","","","","","","","","","","","","","","","","","","","","","","","181.0","154.259","395.98"
"1997/10/05","","","","","","","","","","","","","","","","419.0","333.1472","839.35","","","","","","","","","","","","","","","","23.0","20.4144","51.88","","",""
"1997/10/06","","","","","","","","","","","","","","","","","","","","","","","","","","","","","","","581.0","500.8661","1223.97","","","","","",""
"1997/10/07","541.0","441.4877","1107.41","","","","","","","","","","","","","","","","32.0","32.1175","83.94","250.0","234.1724","579.46","","","","","","","","","","25.0","20.017","54.47","174.0","132.396","319.9"
"1997/10/08","","","","","","","368.0","301.619","769.52","","","","","","","","","","46.0","39.6812","102.09","","","","","","","","","","","","","","","","193.0","146.7009","387.12"
"1997/10/09","","","","470.0","369.4176","927.55","","","","","","","","","","","","","","","","","","","","","","","","","","","","11.0","10.5308","25.07","","",""
"1997/10/10","","","","","","","","","","","","","415.0","370.3278","909.67","","","","44.0","36.3823","92.67","","","","","","","","","","630.0","547.6564","1375.76","","","","","",""
"1997/10/12","","","","","","","","","","","","","","","","","","","","","","372.0","318.8768","771.17","","","","","","","","","","","","","","",""
"1997/10/13","","","","361.0","317.3513","764.44","","","","","","","484.0","416.6086","1050.51","","","","","","","","","","","","","","","","","","","","","","","",""
"1997/10/14","","","","","","","","","","","","","","","","","","","53.0","47.2662","117.25","","","","","","","302.0","244.1133","626.87","582.0","463.977","1168.95","","","","","",""
"1997/10/15","438.0","370.9095","935.06","","","","","","","","","","412.0","345.8692","873.47","489.0","404.2673","1014.21","","","","","","","380.0","312.8781","786.81","324.0","273.3567","686.98","","","","","","","","",""
"1997/10/16","","","","","","","","","","","","","259.0","214.6743","542.7","424.0","369.3399","922.91","","","","353.0","293.302","737.17","497.0","427.6262","1086.63","","","","","","","","","","138.0","135.7053","342.73"
"1997/10/17","","","","","","","","","","39.0","27.8113","68.92","","","","","","","","","","","","","","","","335.0","295.9718","742.82","","","","","","","","",""
"1997/10/18","","","","","","","","","","41.0","31.5032","80.75","347.0","278.3085","700.92","","","","","","","","","","","","","","","","","","","38.0","36.2584","89.29","","",""
"1997/10/19","423.0","372.7713","922.2","385.0","337.1971","835.2","398.0","336.1183","837.78","","","","","","","","","","","","","","","","","","","","","","","","","","","","","",""
"1997/10/20","","","","474.0","400.7985","1013.19","","","","40.0","32.7047","80.44","","","","","","","","","","","","","","","","","","","","","","","","","","",""
"1997/10/21","","","","","","","","","","","","","","","","481.0","431.0001","1086.82","","","","","","","","","","","","","588.0","505.0634","1255.4","","","","","",""
"1997/10/22","","","","437.0","367.9195","928.4","306.0","257.946","640.56","41.0","42.0458","102.67","","","","","","","","","","334.0","281.2925","708.91","359.0","291.7679","735.01","338.0","301.0963","758.62","","","","","","","","",""
"1997/10/23","","","","","","","","","","","","","","","","","","","","","","","","","","","","387.0","315.2029","814.25","","","","","","","201.0","161.9945","402.43"
"1997/10/24","443.0","366.7324","923.7","","","","","","","","","","","","","","","","","","","","","","","","","","","","","","","","","","","",""
"1997/10/26","","","","","","","","","","","","","","","","","","","","","","","","","","","","","","","554.0","489.2353","1207.84","","","","","",""
"1997/10/27","433.0","359.1693","893.12","","","","","","","","","","","","","","","","","","","303.0","242.4837","614.1","440.0","387.5291","952.86","","","","","","","","","","","",""
"1997/10/30","","","","","","","","","","","","","","","","","","","32.0","28.4991","67.81","","","","","","","","","","","","","","","","","",""
"1997/11/01","","","","474.0","391.2544","972.2","","","","","","","","","","","","","","","","","","","","","","","","","","","","","","","","",""
"1997/11/02","","","","570.0","469.3627","1178.36","","","","","","","","","","","","","","","","","","","417.0","348.7648","869.81","","","","","","","","","","","",""
"1997/11/03","","","","","","","","","","","","","","","","","","","","","","","","","","","","","","","667.0","569.4109","1430.13","","","","","",""
"1997/11/04","","","","","","","","","","","","","","","","710.0","612.1444","1522.32","","","","","","","499.0","425.8137","1060.53","","","","","","","","","","","",""
"1997/11/06","","","","","","","","","","","","","","","","","","","","","","544.0","503.3067","1272.29","","","","","","","","","","48.0","36.5476","87.93","","",""
"1997/11/07","351.0","306.8409","762.94","651.0","571.1739","1424.43","","","","","","","","","","","","","53.0","45.9173","114.05","508.0","431.2595","1082.48","","","","","","","","","","","","","","",""
"1997/11/08","","","","487.0","417.7852","1045.44","445.0","358.1865","902.68","","","","","","","","","","","","","","","","","","","","","","","","","","","","","",""
"1997/11/09","","","","","","","541.0","427.7018","1082.98","29.0","19.7091","48.31","","","","","","","48.0","42.1229","102.74","","","","","","","","","","","","","","","","207.0","173.2113","433.03"
"1997/11/10","428.0","369.2331","908.21","","","","","","","","","","","","","","","","","","","","","","","","","","","","640.0","545.9919","1357.02","","","","","",""
"1997/11/11","","","","","","","","","","26.0","18.7592","46.87","","","","","","","54.0","45.0683","113.57","519.0","469.2415","1176.73","","","","","","","","","","","","","","",""
"1997/11/13","","","","455.0","386.0494","954.87","","","","","","","","","","","","","","","","","","","458.0","384.6456","965.16","","","","","","","","","","","",""
"1997/11/14","","","","","","","556.0","465.505","1177.7","","","","","","","","","","","","","","","","","","","","","","","","","","","","","",""
"1997/11/15","","","","","","","428.0","352.3645","875.25","21.0","17.7338","43.07","459.0","374.0892","928.84","","","","","","","567.0","464.1877","1163.69","","","","457.0","407.5918","1028.77","","","","","","","","",""
"1997/11/16","","","","","","","","","","","","","456.0","390.8774","980.52","677.0","545.2273","1374.5","","","","","","","","","","","","","","","","51.0","45.8359","112.14","248.0","217.1538","544.77"
"1997/11/17","","","","","","","","","","","","","","","","","","","67.0","55.2803","137.38","","","","472.0","381.8747","976.34","","","","","","","","","","164.0","150.5044","366.38"
"1997/11/18","307.0","274.877","678.4","","","","","","","","","","","","","738.0","629.9371","1566.41","53.0","53.0848","131.6","","","","","","","","","","","","","","","","","",""
"1997/11/19","","","","","","","","","","","","","","","","","","","","","","","","","","","","","","","","","","","","","207.0","164.1355","408.05"
"1997/11/20","","","","","","","","","","56.0","50.6168","122.98","","","","","","","","","","","","","","","","","","","","","","46.0","35.3837","86.94","","",""
"1997/11/21","530.0","460.5325","1138.03","","","","","","","","","","","","","","","","","","","","","","","","","565.0","471.3344","1156.31","555.0","468.6214","1155.18","","","","242.0","210.1048","531.9"
"1997/11/22","","","","","","","","","","43.0","35.5537","88.65","","","","","","","","","","","","","","","","582.0","487.4908","1211.07","769.0","643.7624","1585.94","","","","","",""
"1997/11/24","","","","","","","","","","","","","","","","","","","","","","","","","","","","487.0","416.8798","1042.24","","","","","","","","",""
"1997/11/25","","","","","","","359.0","292.4147","743.9","","","","","","","716.0","578.5385","1459.2","","","","","","","","","","543.0","439.5372","1101.72","","","","31.0","30.6768","73.39","","",""
"1997/11/26","511.0","430.0747","1089.77","","","","","","","","","","439.0","378.3872","936.49","","","","","","","","","","","","","","","","","","","","","","","",""
"1997/11/27","","","","","","","","","","","","","400.0","336.3964","858.48","","","","","","","","","","458.0","367.4804","934.61","","","","","","","","","","","",""
"1997/11/28","","","","","","","","","","","","","423.0","343.8428","846.99","","","","","","","485.0","433.5293","1091.91","","","","","","","548.0","464.3033","1165.65","","","","","",""
"1997/11/29","","","","","","","","","","","","","","","","","","","","","","","","","","","","","","","","","","38.0","33.0658","81.31","","",""
"1997/11/30","","","","","","","","","","","","","","","","687.0","589.4684","1452.16","","","","","","","","","","","","","","","","","","","","",""
"1997/12/01","540.0","468.7773","1165.1","","","","","","","","","","","","","","","","","","","","","","","","","","","","","","","","","","","",""
"1997/12/02","","","","525.0","442.47","1105.38","","","","","","","","","","","","","","","","","","","","","","","","","","","","55.0","46.8384","117.22","","",""
"1997/12/03","","","","","","","","","","","","","","","","","","","","","","","","","518.0","454.0584","1139.1","","","","","","","","","","197.0","164.8906","409.81"
"1997/12/04","","","","498.0","421.7628","1057.82","","","","60.0","50.5975","120.51","533.0","429.851","1101.75","","","","","","","","","","","","","","","","","","","","","","","",""
"1997/12/05","","","","","","","","","","","","","","","","","","","","","","","","","463.0","395.686","981.4","500.0","388.4078","979.77","","","","","","","247.0","234.8498","581.32"
"1997/12/06","","","","","","","","","","","","","","","","","","","","","","","","","444.0","388.0395","973.51","","","","","","","","","","","",""
"1997/12/07","","","","","","","583.0","479.6859","1187.13","","","","","","","","","","","","","","","","","","","","","","743.0","615.93","1570.44","","","","","",""
"1997/12/08","","","","","","","","","","","","","","","","","","","","","","","","","","","","432.0","380.1373","934.96","","","","","","","","",""
"1997/12/09","","","","","","","","","","","","","","","","","","","","","","434.0","383.7673","948.81","","","","","","","","","","","","","","",""
"1997/12/10","","","","484.0","380.854","978.04","","","","","","","","","","","","","","","","","","","","","","","","","","","","","","","","",""
"1997/12/11","","","","","","","545.0","474.8764","1138.29","","","","590.0","507.4764","1263.23","841.0","721.4968","1843.89","","","","449.0","385.5288","968.79","","","","","","","","","","","","","","",""
"1997/12/13","479.0","427.6975","1046.46","","","","","","","","","","","","","","","","","","","","","","","","","","","","","","","","","","","",""
"1997/12/14","","","","","","","","","","","","","","","","632.0","514.0038","1290.93","57.0","42.2138","106.89","","","","","","","","","","","","","","","","217.0","179.68","457.88"
"1997/12/16","514.0","452.5553","1132.35","","","","","","","","","","509.0","431.4548","1074.22","","","","47.0","40.8718","103.55","","","","415.0","352.2262","891.43","","","","","","","","","","","",""
"1997/12/17","","","","","","","","","","","","","","","","","","","46.0","32.0835","82.2","","","","","","","","","","","","","","","","267.0","221.9954","565.07"
"1997/12/18","","","","","","","650.0","566.0927","1401.98","30.0","28.6049","74.39","","","","768.0","648.7944","1620.9","","","","","","","","","","","","","","","","75.0","59.8417","160.3","","",""
"1997/12/19","","","","515.0","421.0934","1053.75","","","","","","","","","","","","","","","","","","","","","","","","","","","","","","","","",""
"1997/12/20","510.0","422.1953","1057.2","","","","440.0","364.8826","920.71","","","","673.0","578.056","1469.44","","","","","","","","","","","","","","","","","","","57.0","51.2939","126.94","","",""
"1997/12/21","","","","","","","","","","","","","","","","","","","","","","571.0","479.4455","1192.38","","","","438.0","364.0778","907.01","712.0","654.4014","1656.43","","","","","",""
"1997/12/22","","","","","","","","","","","","","628.0","515.0456","1288.54","400.0","330.2012","836.83","","","","","","","","","","","","","804.0","675.6329","1649.05","","","","","",""
"1997/12/23","","","","","","","","","","","","","","","","","","","","","","","","","450.0","357.1031","909.76","","","","","","","","","","","",""
"1997/12/24","","","","","","","","","","43.0","37.1345","89.72","","","","","","","45.0","33.48","81.36","","","","","","","","","","786.0","707.1008","1742.65","","","","","",""
"1997/12/25","","","","","","","","","","53.0","37.7847","99.69","","","","","","","35.0","33.2885","84.87","","","","","","","386.0","325.2698","819.37","773.0","686.7115","1709.91","","","","","",""
"1997/12/26","","","","","","","","","","","","","","","","","","","","","","","","","","","","359.0","299.508","751.92","","","","61.0","52.0175","134.33","","",""
"1997/12/27","","","","","","","468.0","417.0321","1036.24","","","","","","","","","","","","","486.0","384.6301","980.04","","","","","","","","","","","","","202.0","176.5583","438.47"
"1997/12/28","","","","","","","","","","","","","","","","868.0","704.6753","1759.05","","","","575.0","515.1545","1292.29","","","","","","","","","","53.0","51.7247","128.62","","",""
"1997/12/29","502.0","420.4918","1080.53","480.0","404.9512","1016.39","","","","","","","","","","","","","","","","","","","","","","","","","","","","","","","","",""
"1997/12/30","","","","","","","","","","36.0","31.0949","77.33","","","","","","","","","","","","","","","","","","","","","","","","","","",""
